Diagnostic,OG_locus_ID,Chr,BP,Locus,CanFam3.1_Chr,CanFam3.1_BP,CanFam3.1_Locus
Dog,Clu_chr1_99231557_29,CM000001.4,96615560,CM000001.4_96615560,CM000001.3,96162431,CM000001.3_96162431
Dog,Clu_chr11_49334359_29,CM000011.4,44986494,CM000011.4_44986494,CM000011.3,46303837,CM000011.3_46303837
Dog,Clu_chr25_32229078_42,CM000025.4,29889523,CM000025.4_29889523,CM000025.3,29239726,CM000025.3_29239726
Dog,Clu_chr28_20446571_56,CM000028.4,17615117,CM000028.4_17615117,CM000028.3,17443731,CM000028.3_17443731
Dog,Clu_chr3_43094389_32,CM000003.4,42926239,CM000003.4_42926239,CM000003.3,40237156,CM000003.3_40237156
Dog,Clu_chr34_31061908_25,CM000034.4,37106294,CM000034.4_37106294,CM000034.3,28053115,CM000034.3_28053115
Dog,Clu_chr5_5265124_53,CM000005.4,2384203,CM000005.4_2384203,CM000005.3,2264493,CM000005.3_2264493
Dog,Clu_chr6_50074785_25,CM000006.4,49811995,CM000006.4_49811995,CM000006.3,47020980,CM000006.3_47020980
Dog,Clu_chr9_24084144_20,CM000009.4,20227900,CM000009.4_20227900,CM000009.3,20767011,CM000009.3_20767011
Coyote,Clu_rs22161480_44,CM000011.4,19878276,CM000011.4_19878276,CM000011.3,21076652,CM000011.3_21076652
Coyote,Clu_rs22333390_72,CM000014.4,364814,CM000014.4_364814,CM000014.3,786206,CM000014.3_786206
Coyote,Clu_rs22877057_49,CM000020.4,39520622,CM000020.4_39520622,CM000020.3,39599697,CM000020.3_39599697
Coyote,Clu_rs23367849_25,CM000026.4,5229633,CM000026.4_5229633,CM000026.3,5069803,CM000026.3_5069803
Coyote,Clu_rs23617324_53,CM000030.4,8670935,CM000030.4_8670935,CM000030.3,8611975,CM000030.3_8611975
Coyote,Clu_rs23909187_67,CM000035.4,4377331,CM000035.4_4377331,CM000035.3,4367916,CM000035.3_4367916
Coyote,Clu_rs24175585_26,CM000005.4,32143654,CM000005.4_32143654,CM000005.3,32004728,CM000005.3_32004728
Coyote,Clu_rs24471781_25,CM000008.4,3680253,CM000008.4_3680253,CM000008.3,3758141,CM000008.3_3758141
Coyote,Clu_rs8612074_32,CM000006.4,7741772,CM000006.4_7741772,CM000006.3,6041803,CM000006.3_6041803
Coyote,Clu_rs9150379_23,CM000009.4,1201240,CM000009.4_1201240,CM000009.3,598298,CM000009.3_598298
